,gene,ratio,snv_count,intersections_count
0,A0A023HHK9_HUMAN,0.038461538461538464,26,1
1,A0A126GW21_HUMAN,0.1111111111111111,27,3
2,A2NVP9_HUMAN,0.038922155688622756,668,26
3,A4_HUMAN,0.0,1,0
4,ADNP_HUMAN,1.0,1,1
5,AEBP2_HUMAN,0.0,2,0
6,AFF1_HUMAN,0.22429906542056074,107,24
7,AFF4_HUMAN,0.45161290322580644,31,14
8,AGO1_HUMAN,0.0,2,0
9,AGO2_HUMAN,0.12568306010928962,183,23
10,AHRR_HUMAN,0.09090909090909091,11,1
11,AHR_HUMAN,0.10818713450292397,684,74
12,ANDR_HUMAN,0.06228091627944893,24534,1528
13,ANM1_HUMAN,0.38,50,19
14,AP2A_HUMAN,0.10615608337372757,2063,219
15,AP2C_HUMAN,0.15789473684210525,209,33
16,ARI1A_HUMAN,0.14218009478672985,422,60
17,ARI1B_HUMAN,0.032036613272311214,1311,42
18,ARI3A_HUMAN,0.10416666666666667,48,5
19,ARI4B_HUMAN,0.4482758620689655,87,39
20,ARID2_HUMAN,0.2716049382716049,81,22
21,ARNT_HUMAN,0.08185840707964602,452,37
22,ASCL1_HUMAN,0.043478260869565216,46,2
23,ASH1L_HUMAN,0.0,7,0
24,ASH2L_HUMAN,1.0,1,1
25,ATF1_HUMAN,0.22448979591836735,147,33
26,ATF2_HUMAN,0.048884165781083955,941,46
27,ATF3_HUMAN,0.09460946094609461,909,86
28,ATF4_HUMAN,0.07364341085271318,258,19
29,ATF7_HUMAN,0.07722007722007722,1036,80
30,ATM_HUMAN,0.0,10,0
31,ATOH1_HUMAN,0.041666666666666664,24,1
32,ATRX_HUMAN,0.1,10,1
33,BACH1_HUMAN,0.15498154981549817,271,42
34,BATF3_HUMAN,0.0,27,0
35,BATF_HUMAN,0.02564102564102564,39,1
36,BC11A_HUMAN,0.13157894736842105,38,5
37,BC11B_HUMAN,0.2084063047285464,571,119
38,BCL3_HUMAN,0.3116883116883117,77,24
39,BCL6B_HUMAN,0.11538461538461539,26,3
40,BCL6_HUMAN,0.21794871794871795,624,136
41,BCLF1_HUMAN,0.25,20,5
42,BCOR_HUMAN,0.06,200,12
43,BDP1_HUMAN,0.0,5,0
44,BHE40_HUMAN,0.06557377049180328,2074,136
45,BMAL1_HUMAN,0.0,2,0
46,BMI1_HUMAN,0.0755813953488372,172,13
47,BRCA1_HUMAN,0.3,10,3
48,BRCA2_HUMAN,0.16666666666666666,204,34
49,BRD2_HUMAN,0.16864864864864865,925,156
50,BRD3_HUMAN,0.19642857142857142,56,11
51,BRD4_HUMAN,0.09311995967741936,7936,739
52,BRD7_HUMAN,0.0,2,0
53,BRD9_HUMAN,0.21428571428571427,14,3
54,C2D1A_HUMAN,0.1509433962264151,53,8
55,CAF1B_HUMAN,0.0,1,0
56,CATA_HUMAN,0.03333333333333333,330,11
57,CAVN1_HUMAN,0.3,10,3
58,CBLL2_HUMAN,1.0,1,1
59,CBP_HUMAN,0.05952380952380952,420,25
60,CBX1_HUMAN,0.4444444444444444,9,4
61,CBX3_HUMAN,0.2222222222222222,9,2
62,CBX5_HUMAN,0.5,2,1
63,CCAR2_HUMAN,0.0,2,0
64,CDC5L_HUMAN,0.15384615384615385,13,2
65,CDK7_HUMAN,0.375,8,3
66,CDK8_HUMAN,0.10682492581602374,1011,108
67,CDK9_HUMAN,0.08108108108108109,1258,102
68,CDN1B_HUMAN,0.1658291457286432,796,132
69,CDX2_HUMAN,0.004966887417218543,604,3
70,CEBPA_HUMAN,0.0845225027442371,1822,154
71,CEBPB_HUMAN,0.04284761587195732,5998,257
72,CEBPD_HUMAN,0.3333333333333333,9,3
73,CEBPG_HUMAN,0.18781725888324874,394,74
74,CEBPZ_HUMAN,0.0,1,0
75,CENPA_HUMAN,0.04838709677419355,310,15
76,CENPT_HUMAN,0.0,2,0
77,CHAP1_HUMAN,0.04878048780487805,41,2
78,CHD1_HUMAN,0.09836065573770492,61,6
79,CHD2_HUMAN,0.3939393939393939,33,13
80,CHD4_HUMAN,0.5,2,1
81,CHD7_HUMAN,0.0,8,0
82,CHD8_HUMAN,0.11,200,22
83,CLOCK_HUMAN,0.26744186046511625,258,69
84,CNDH2_HUMAN,0.0,15,0
85,COE1_HUMAN,0.047217537942664416,593,28
86,COE3_HUMAN,0.06842105263157895,190,13
87,COT1_HUMAN,0.11149228130360206,2332,260
88,COT2_HUMAN,0.3157894736842105,38,12
89,CPSF3_HUMAN,0.0,3,0
90,CR3L1_HUMAN,0.18181818181818182,11,2
91,CREB1_HUMAN,0.1380272952853598,3224,445
92,CREB3_HUMAN,0.4,5,2
93,CREB5_HUMAN,0.15384615384615385,13,2
94,CREM_HUMAN,0.3644067796610169,118,43
95,CRTC2_HUMAN,0.125,64,8
96,CSN2_HUMAN,0.18181818181818182,22,4
97,CTBP1_HUMAN,0.09514925373134328,536,51
98,CTCFL_HUMAN,0.06578947368421052,152,10
99,CTCF_HUMAN,0.045218421123462436,37153,1680
100,CTNB1_HUMAN,0.16666666666666666,48,8
101,CUX1_HUMAN,0.0851063829787234,47,4
102,CXXC1_HUMAN,0.2727272727272727,11,3
103,DACH1_HUMAN,0.06557377049180328,61,4
104,DAXX_HUMAN,0.375,8,3
105,DCP1A_HUMAN,1.0,1,1
106,DDIT3_HUMAN,0.07142857142857142,14,1
107,DDX20_HUMAN,0.3181818181818182,22,7
108,DEAF1_HUMAN,0.5,2,1
109,DEK_HUMAN,0.25,4,1
110,DIDO1_HUMAN,0.0,3,0
111,DLX1_HUMAN,0.7,10,7
112,DMAP1_HUMAN,0.3333333333333333,15,5
113,DMC1_HUMAN,0.0,5,0
114,DNM3A_HUMAN,0.42857142857142855,7,3
115,DNM3B_HUMAN,0.0,3,0
116,DTL_HUMAN,0.0,4,0
117,DUX4_HUMAN,0.006530612244897959,1225,8
118,E2F1_HUMAN,0.13574660633484162,442,60
119,E2F4_HUMAN,0.0,6,0
120,E2F5_HUMAN,0.0,2,0
121,E2F6_HUMAN,0.1044776119402985,134,14
122,E2F7_HUMAN,0.5384615384615384,13,7
123,E2F8_HUMAN,0.12286689419795221,293,36
124,E4F1_HUMAN,0.25066666666666665,375,94
125,EED_HUMAN,0.07692307692307693,26,2
126,EGR1_HUMAN,0.11647727272727272,704,82
127,EGR2_HUMAN,0.04932735426008968,223,11
128,EGR3_HUMAN,0.5,6,3
129,EHMT2_HUMAN,0.14743589743589744,156,23
130,ELF1_HUMAN,0.09388646288209607,1832,172
131,ELF3_HUMAN,0.4659090909090909,88,41
132,ELF4_HUMAN,0.2459016393442623,61,15
133,ELK1_HUMAN,0.3548387096774194,31,11
134,ELL2_HUMAN,0.5106382978723404,47,24
135,EMSY_HUMAN,0.07380952380952381,420,31
136,ENL_HUMAN,0.057931034482758624,1450,84
137,EOMES_HUMAN,0.0,6,0
138,EP300_HUMAN,0.08258992805755395,3475,287
139,EP400_HUMAN,0.07563025210084033,238,18
140,EPAS1_HUMAN,0.13584905660377358,265,36
141,ERCC2_HUMAN,0.5,12,6
142,ERCC3_HUMAN,0.0,1,0
143,ERF_HUMAN,0.2318840579710145,69,16
144,ERG_HUMAN,0.07518796992481203,1862,140
145,ERR1_HUMAN,0.14244186046511628,344,49
146,ESR1_HUMAN,0.10960807931066432,10793,1183
147,ESR2_HUMAN,0.10410958904109589,365,38
148,ETS1_HUMAN,0.07935341660543718,1361,108
149,ETS2_HUMAN,0.6666666666666666,6,4
150,ETV1_HUMAN,0.16091954022988506,87,14
151,ETV2_HUMAN,0.13636363636363635,22,3
152,ETV4_HUMAN,0.7777777777777778,9,7
153,ETV5_HUMAN,0.44966442953020136,149,67
154,ETV6_HUMAN,0.14814814814814814,27,4
155,EWS_HUMAN,0.3125,16,5
156,EZH2_HUMAN,0.018668831168831168,1232,23
157,FEZF1_HUMAN,0.09387755102040816,245,23
158,FGFR1_HUMAN,0.0,3,0
159,FLI1_HUMAN,0.061813186813186816,1456,90
160,FOSB_HUMAN,0.0,3,0
161,FOSL1_HUMAN,0.18085106382978725,94,17
162,FOSL2_HUMAN,0.17307692307692307,52,9
163,FOS_HUMAN,0.085667215815486,607,52
164,FOXA1_HUMAN,0.05137072964993673,11855,609
165,FOXA2_HUMAN,0.15962145110410095,3170,506
166,FOXA3_HUMAN,0.3566666666666667,300,107
167,FOXJ2_HUMAN,1.0,1,1
168,FOXK2_HUMAN,0.10276442307692307,9984,1026
169,FOXM1_HUMAN,0.12962962962962962,54,7
170,FOXO1_HUMAN,0.046153846153846156,65,3
171,FOXO3_HUMAN,0.75,4,3
172,FOXP1_HUMAN,0.12380250552689757,1357,168
173,GABP1_HUMAN,0.15993265993265993,594,95
174,GABPA_HUMAN,0.3129139072847682,1208,378
175,GATA1_HUMAN,0.06834030683403068,1434,98
176,GATA2_HUMAN,0.061224489795918366,735,45
177,GATA3_HUMAN,0.07892777364110201,1343,106
178,GATA4_HUMAN,0.10682492581602374,337,36
179,GATA6_HUMAN,0.10743801652892562,242,26
180,GATD1_HUMAN,0.3780487804878049,82,31
181,GCM2_HUMAN,0.0,2,0
182,GCR_HUMAN,0.07201174204201449,10901,785
183,GFI1B_HUMAN,0.10344827586206896,29,3
184,GFI1_HUMAN,0.0,1,0
185,GLI2_HUMAN,0.0,6,0
186,GLI4_HUMAN,0.3333333333333333,6,2
187,GLIS1_HUMAN,0.07547169811320754,848,64
188,GLIS2_HUMAN,0.11320754716981132,212,24
189,GLIS3_HUMAN,0.05,160,8
190,GMEB1_HUMAN,0.13872832369942195,173,24
191,GMEB2_HUMAN,0.25,4,1
192,GRHL2_HUMAN,0.09054054054054055,740,67
193,HAND2_HUMAN,0.021491782553729456,791,17
194,HBP1_HUMAN,1.0,1,1
195,HCFC1_HUMAN,0.2905982905982906,585,170
196,HDAC1_HUMAN,0.09752066115702479,605,59
197,HDAC2_HUMAN,0.09742120343839542,349,34
198,HDAC3_HUMAN,0.20454545454545456,44,9
199,HDAC4_HUMAN,0.0,8,0
200,HDAC8_HUMAN,0.0,1,0
201,HDAC9_HUMAN,0.0,1,0
202,HDGF_HUMAN,0.05263157894736842,76,4
203,HDGR3_HUMAN,0.6666666666666666,3,2
204,HES1_HUMAN,0.07407407407407407,81,6
205,HES2_HUMAN,0.0,1,0
206,HEY1_HUMAN,0.25396825396825395,63,16
207,HHEX_HUMAN,0.0,2,0
208,HIC1_HUMAN,0.0945945945945946,74,7
209,HIF1A_HUMAN,0.16075156576200417,479,77
210,HIF3A_HUMAN,0.1326530612244898,98,13
211,HINFP_HUMAN,0.0,17,0
212,HIRA_HUMAN,0.18867924528301888,53,10
213,HLF_HUMAN,0.2094240837696335,191,40
214,HM20A_HUMAN,0.5,80,40
215,HM20B_HUMAN,0.7142857142857143,7,5
216,HMBX1_HUMAN,0.2,5,1
217,HME1_HUMAN,0.0,1,0
218,HMGB1_HUMAN,0.06896551724137931,29,2
219,HMGB2_HUMAN,0.6666666666666666,3,2
220,HMGX4_HUMAN,0.625,8,5
221,HNF1A_HUMAN,0.5789473684210527,19,11
222,HNF1B_HUMAN,0.0,4,0
223,HNF4A_HUMAN,0.41193297915815286,2447,1008
224,HNF4G_HUMAN,0.22033898305084745,59,13
225,HNRL1_HUMAN,1.0,1,1
226,HNRLL_HUMAN,0.08571428571428572,35,3
227,HNRPL_HUMAN,1.0,1,1
228,HOMEZ_HUMAN,0.4375,16,7
229,HSF1_HUMAN,0.0,13,0
230,HTF4_HUMAN,0.12142857142857143,980,119
231,HXB13_HUMAN,0.052854122621564484,946,50
232,HXB8_HUMAN,0.0,5,0
233,HXC5_HUMAN,0.15384615384615385,26,4
234,HXC9_HUMAN,0.0,4,0
235,ID3_HUMAN,0.1111111111111111,36,4
236,IKBZ_HUMAN,0.5,2,1
237,IKZF1_HUMAN,0.04989451476793249,9480,473
238,IKZF2_HUMAN,0.04627806222922411,5078,235
239,IKZF3_HUMAN,0.11538461538461539,182,21
240,IKZF5_HUMAN,0.5,6,3
241,ILF3_HUMAN,0.09543147208121827,985,94
242,ILK_HUMAN,0.0,2,0
243,ING2_HUMAN,0.5,2,1
244,ING5_HUMAN,0.0,2,0
245,INSM2_HUMAN,0.0625,16,1
246,INT11_HUMAN,0.14480408858603067,587,85
247,INT12_HUMAN,0.5,18,9
248,INT13_HUMAN,0.14342629482071714,251,36
249,INT3_HUMAN,0.3333333333333333,6,2
250,IRF1_HUMAN,0.0,7,0
251,IRF2_HUMAN,0.4375,16,7
252,IRF3_HUMAN,0.6666666666666666,3,2
253,IRF4_HUMAN,0.0764525993883792,327,25
254,IRF5_HUMAN,0.171875,128,22
255,IRF9_HUMAN,0.0,4,0
256,ISL1_HUMAN,0.005494505494505495,182,1
257,ITF2_HUMAN,0.02009646302250804,1244,25
258,JARD2_HUMAN,0.0,45,0
259,JMJD6_HUMAN,0.0,1,0
260,JUNB_HUMAN,0.10344827586206896,145,15
261,JUND_HUMAN,0.06517168885774352,1427,93
262,JUN_HUMAN,0.1457572066585465,2463,359
263,KAISO_HUMAN,0.057356608478802994,802,46
264,KAT7_HUMAN,0.5,2,1
265,KAT8_HUMAN,0.2,15,3
266,KDM1A_HUMAN,0.06231231231231231,1332,83
267,KDM2B_HUMAN,0.014388489208633094,278,4
268,KDM3A_HUMAN,1.0,1,1
269,KDM5A_HUMAN,0.22727272727272727,22,5
270,KDM5B_HUMAN,0.15566037735849056,212,33
271,KDM5C_HUMAN,0.4,5,2
272,KDM6A_HUMAN,0.1277258566978193,963,123
273,KLF10_HUMAN,0.12,75,9
274,KLF11_HUMAN,0.24096385542168675,83,20
275,KLF13_HUMAN,0.6666666666666666,3,2
276,KLF14_HUMAN,0.5,2,1
277,KLF16_HUMAN,0.4444444444444444,9,4
278,KLF17_HUMAN,0.15151515151515152,33,5
279,KLF1_HUMAN,0.1686746987951807,166,28
280,KLF5_HUMAN,0.27598566308243727,279,77
281,KLF6_HUMAN,1.0,1,1
282,KLF7_HUMAN,0.125,8,1
283,KLF8_HUMAN,0.14285714285714285,63,9
284,KLF9_HUMAN,0.07142857142857142,98,7
285,KMT2A_HUMAN,0.148014440433213,554,82
286,KMT2B_HUMAN,0.1,50,5
287,KMT2C_HUMAN,0.10526315789473684,19,2
288,LCORL_HUMAN,0.25,8,2
289,LDB1_HUMAN,0.0,45,0
290,LEF1_HUMAN,0.13793103448275862,29,4
291,LEO1_HUMAN,0.0,7,0
292,LIN9_HUMAN,0.47058823529411764,17,8
293,LMBL2_HUMAN,0.07648183556405354,523,40
294,LMNA_HUMAN,0.00684931506849315,146,1
295,LMNB1_HUMAN,0.3333333333333333,9,3
296,LYL1_HUMAN,0.0,7,0
297,MAD3_HUMAN,0.6666666666666666,3,2
298,MAD4_HUMAN,0.5,2,1
299,MAFF_HUMAN,0.12,25,3
300,MAFG_HUMAN,0.0411522633744856,243,10
301,MAFK_HUMAN,0.07528957528957529,518,39
302,MAF_HUMAN,0.4383561643835616,73,32
303,MAON_HUMAN,0.025,40,1
304,MAOX_HUMAN,0.0,1,0
305,MAX_HUMAN,0.17541229385307347,667,117
306,MAZ_HUMAN,0.1415929203539823,113,16
307,MBD3_HUMAN,0.1111111111111111,9,1
308,MBD4_HUMAN,0.12112676056338029,355,43
309,MBL2_HUMAN,0.12154696132596685,181,22
310,MCM2_HUMAN,0.10526315789473684,19,2
311,MCM3_HUMAN,0.1,20,2
312,MCM5_HUMAN,0.2222222222222222,9,2
313,MCM7_HUMAN,0.07142857142857142,14,1
314,MCRS1_HUMAN,1.0,1,1
315,ME3L1_HUMAN,0.0,3,0
316,MECOM_HUMAN,0.058823529411764705,17,1
317,MECP2_HUMAN,0.4,5,2
318,MED16_HUMAN,0.7222222222222222,18,13
319,MED26_HUMAN,0.24836601307189543,153,38
320,MEF2B_HUMAN,0.03934553954031944,2567,101
321,MEF2C_HUMAN,0.0,1,0
322,MEF2D_HUMAN,0.19230769230769232,26,5
323,MEIS2_HUMAN,0.08440366972477065,545,46
324,MEN1_HUMAN,0.13793103448275862,58,8
325,MGAP_HUMAN,0.053304904051172705,469,25
326,MIER1_HUMAN,0.1,10,1
327,MIER2_HUMAN,0.25,16,4
328,MIER3_HUMAN,0.8333333333333334,6,5
329,MITF_HUMAN,0.08085106382978724,235,19
330,MIXL1_HUMAN,0.631578947368421,19,12
331,MK03_HUMAN,0.0,4,0
332,MK14_HUMAN,0.4444444444444444,9,4
333,MLXIP_HUMAN,0.0,3,0
334,MLX_HUMAN,0.7777777777777778,18,14
335,MNT_HUMAN,0.1171993911719939,1314,154
336,MORC2_HUMAN,0.25,8,2
337,MTA1_HUMAN,0.14285714285714285,42,6
338,MTA2_HUMAN,0.045346062052505964,1257,57
339,MTA3_HUMAN,0.23404255319148937,47,11
340,MTG16_HUMAN,0.06546854942233633,779,51
341,MTG8R_HUMAN,0.056,250,14
342,MTG8_HUMAN,0.05555555555555555,522,29
343,MTOR_HUMAN,0.07142857142857142,140,10
344,MXI1_HUMAN,0.18666666666666668,75,14
345,MYBA_HUMAN,0.2,5,1
346,MYBB_HUMAN,0.08695652173913043,46,4
347,MYB_HUMAN,0.06865284974093264,772,53
348,MYCN_HUMAN,0.14893617021276595,282,42
349,MYC_HUMAN,0.1893491124260355,169,32
350,MYF5_HUMAN,0.0,3,0
351,MYNN_HUMAN,0.1,10,1
352,MYOD1_HUMAN,0.024922118380062305,321,8
353,MZF1_HUMAN,0.08695652173913043,23,2
354,NAB2_HUMAN,0.0,2,0
355,NANOG_HUMAN,0.020066889632107024,897,18
356,NBN_HUMAN,0.10650887573964497,169,18
357,NC2A_HUMAN,0.3541666666666667,48,17
358,NCOA1_HUMAN,0.15384615384615385,78,12
359,NCOA2_HUMAN,0.1,60,6
360,NCOA3_HUMAN,0.07874015748031496,127,10
361,NCOA4_HUMAN,0.0,1,0
362,NCOA6_HUMAN,0.2,5,1
363,NCOR1_HUMAN,0.10032362459546926,618,62
364,NCOR2_HUMAN,0.0,18,0
365,NDF1_HUMAN,0.21551724137931033,116,25
366,NELFA_HUMAN,0.17486338797814208,183,32
367,NELFE_HUMAN,0.16883116883116883,231,39
368,NF2L1_HUMAN,0.0,8,0
369,NF2L2_HUMAN,0.11904761904761904,42,5
370,NFAC1_HUMAN,0.1,10,1
371,NFAC2_HUMAN,0.06741573033707865,89,6
372,NFAC3_HUMAN,0.14754098360655737,244,36
373,NFE2_HUMAN,0.06990881458966565,329,23
374,NFIA_HUMAN,0.3181818181818182,110,35
375,NFIB_HUMAN,0.08794788273615635,307,27
376,NFIC_HUMAN,0.0639412997903564,954,61
377,NFIL3_HUMAN,0.35911602209944754,181,65
378,NFKB1_HUMAN,0.07017543859649122,114,8
379,NFKB2_HUMAN,0.05555555555555555,18,1
380,NFRKB_HUMAN,0.13725490196078433,51,7
381,NFXL1_HUMAN,0.14244186046511628,344,49
382,NFYA_HUMAN,0.2727272727272727,11,3
383,NFYB_HUMAN,0.25,4,1
384,NFYC_HUMAN,0.16101694915254236,118,19
385,NGN2_HUMAN,0.0,15,0
386,NIPBL_HUMAN,0.16666666666666666,6,1
387,NKX21_HUMAN,0.14285714285714285,63,9
388,NKX25_HUMAN,0.0,14,0
389,NONO_HUMAN,0.23529411764705882,17,4
390,NOTC1_HUMAN,0.06567164179104477,670,44
391,NR0B1_HUMAN,1.0,1,1
392,NR1H3_HUMAN,0.4634146341463415,41,19
393,NR1H4_HUMAN,0.14285714285714285,7,1
394,NR2C1_HUMAN,0.19805194805194806,616,122
395,NR2C2_HUMAN,0.5,20,10
396,NR2F6_HUMAN,0.5665236051502146,233,132
397,NR4A1_HUMAN,0.0,14,0
398,NR5A2_HUMAN,0.0,1,0
399,NRF1_HUMAN,0.13016710642040458,1137,148
400,NXF1_HUMAN,0.0,1,0
401,O43245_HUMAN,0.0,2,0
402,OBF1_HUMAN,0.0,1,0
403,OGG1_HUMAN,0.0,1,0
404,OLIG2_HUMAN,0.11406844106463879,263,30
405,ONEC2_HUMAN,0.11538461538461539,52,6
406,OSR2_HUMAN,0.07272727272727272,165,12
407,OTX2_HUMAN,0.023544973544973546,3780,89
408,OVOL3_HUMAN,0.5,6,3
409,OZF_HUMAN,0.038461538461538464,26,1
410,P53_HUMAN,0.03884297520661157,1210,47
411,P63_HUMAN,0.033983637507866586,1589,54
412,P66A_HUMAN,0.32926829268292684,164,54
413,P66B_HUMAN,0.1111111111111111,162,18
414,P73_HUMAN,0.3333333333333333,3,1
415,PAF1_HUMAN,0.0,3,0
416,PATZ1_HUMAN,0.058823529411764705,119,7
417,PAX2_HUMAN,0.022099447513812154,724,16
418,PAX3_HUMAN,0.0,1,0
419,PAX5_HUMAN,0.09090909090909091,33,3
420,PAX6_HUMAN,0.7777777777777778,9,7
421,PAX8_HUMAN,0.12121212121212122,33,4
422,PBIP1_HUMAN,0.08333333333333333,12,1
423,PBX1_HUMAN,0.03588907014681892,613,22
424,PBX2_HUMAN,0.07865168539325842,178,14
425,PBX3_HUMAN,0.12738853503184713,157,20
426,PBX4_HUMAN,0.05454545454545454,55,3
427,PCBP2_HUMAN,0.0,1,0
428,PCF11_HUMAN,0.28205128205128205,39,11
429,PCGF2_HUMAN,0.0,5,0
430,PCH2_HUMAN,0.0,3,0
431,PDX1_HUMAN,0.14285714285714285,7,1
432,PEBB_HUMAN,0.2857142857142857,14,4
433,PEX2_HUMAN,0.11363636363636363,44,5
434,PF21A_HUMAN,0.2,15,3
435,PHB2_HUMAN,0.16,25,4
436,PHF20_HUMAN,0.04,25,1
437,PHF8_HUMAN,0.0,3,0
438,PHX2B_HUMAN,0.0,150,0
439,PIAS1_HUMAN,0.0,1,0
440,PKCB1_HUMAN,0.25,4,1
441,PKNX1_HUMAN,0.06747787610619468,1808,122
442,PLAG1_HUMAN,0.3333333333333333,6,2
443,PLRG1_HUMAN,0.0,10,0
444,PMEPA_HUMAN,0.0967741935483871,31,3
445,PML_HUMAN,0.6060606060606061,33,20
446,PO2F1_HUMAN,0.15384615384615385,26,4
447,PO2F2_HUMAN,0.16666666666666666,30,5
448,PO5F1_HUMAN,0.0,25,0
449,PPARG_HUMAN,0.16110304789550073,1378,222
450,PRD10_HUMAN,0.07282184655396619,769,56
451,PRD12_HUMAN,0.0,6,0
452,PRDM1_HUMAN,0.0718562874251497,167,12
453,PRDM2_HUMAN,0.2857142857142857,7,2
454,PRDM4_HUMAN,0.12048192771084337,83,10
455,PRDM6_HUMAN,0.043668122270742356,229,10
456,PRDM9_HUMAN,0.04580152671755725,393,18
457,PRGR_HUMAN,0.10148514851485149,808,82
458,PRKDC_HUMAN,1.0,1,1
459,PTBP1_HUMAN,0.0,1,0
460,PTEN_HUMAN,0.020253164556962026,395,8
461,PTTG1_HUMAN,0.0,14,0
462,PYGO2_HUMAN,0.08333333333333333,60,5
463,Q16158_HUMAN,0.25,4,1
464,Q8IZH1_HUMAN,0.008130081300813009,123,1
465,RAD21_HUMAN,0.06520208421349105,7101,463
466,RAD51_HUMAN,0.06079664570230608,477,29
467,RAG2_HUMAN,0.18518518518518517,135,25
468,RARA_HUMAN,0.1038961038961039,2233,232
469,RBAK_HUMAN,0.3333333333333333,3,1
470,RBBP4_HUMAN,0.0,2,0
471,RBBP5_HUMAN,0.15080213903743314,1870,282
472,RBL1_HUMAN,0.0,1,0
473,RBM22_HUMAN,0.05084745762711865,118,6
474,RBM25_HUMAN,0.08646228039958663,2903,251
475,RB_HUMAN,0.13333333333333333,60,8
476,RCOR1_HUMAN,0.3333333333333333,3,1
477,RCOR2_HUMAN,0.7,10,7
478,RELB_HUMAN,0.07975460122699386,489,39
479,REL_HUMAN,0.42105263157894735,19,8
480,REPI1_HUMAN,0.0,2,0
481,REQU_HUMAN,0.07351778656126483,1265,93
482,RERE_HUMAN,0.75,4,3
483,REST_HUMAN,0.054933875890132246,983,54
484,RFA2_HUMAN,0.0,4,0
485,RFOX2_HUMAN,0.19170403587443946,892,171
486,RFX1_HUMAN,0.09749303621169916,718,70
487,RFX2_HUMAN,0.0,1,0
488,RFX3_HUMAN,0.0,4,0
489,RFX5_HUMAN,0.0641025641025641,156,10
490,RFXK_HUMAN,0.4,5,2
491,RHG35_HUMAN,0.25,16,4
492,RING1_HUMAN,0.25,4,1
493,RING2_HUMAN,0.026717557251908396,786,21
494,RLF_HUMAN,0.0,6,0
495,RUNX1_HUMAN,0.1,110,11
496,RUNX2_HUMAN,0.03545051698670606,677,24
497,RUNX3_HUMAN,0.08521303258145363,399,34
498,RUVB2_HUMAN,1.0,1,1
499,RXRA_HUMAN,0.2854368932038835,1030,294
500,RXRB_HUMAN,0.5309734513274337,113,60
501,SAFB1_HUMAN,0.0,1,0
502,SALL1_HUMAN,0.0,2,0
503,SALL2_HUMAN,0.25,4,1
504,SALL4_HUMAN,0.0,1,0
505,SATB1_HUMAN,0.0,180,0
506,SCRT1_HUMAN,0.1388888888888889,36,5
507,SCRT2_HUMAN,0.03553299492385787,394,14
508,SETD7_HUMAN,0.3333333333333333,33,11
509,SFPQ_HUMAN,0.01639344262295082,61,1
510,SIN3A_HUMAN,0.17575757575757575,165,29
511,SIN3B_HUMAN,0.26666666666666666,15,4
512,SIR1_HUMAN,0.0,3,0
513,SIX2_HUMAN,0.021052631578947368,190,4
514,SIX4_HUMAN,0.05,20,1
515,SIX5_HUMAN,0.5,10,5
516,SKIL_HUMAN,0.05089820359281437,334,17
517,SKI_HUMAN,0.3170028818443804,347,110
518,SKP2_HUMAN,0.0,77,0
519,SMAD1_HUMAN,0.16842105263157894,95,16
520,SMAD2_HUMAN,0.20833333333333334,120,25
521,SMAD3_HUMAN,0.17133956386292834,321,55
522,SMAD4_HUMAN,0.344311377245509,334,115
523,SMAD5_HUMAN,0.3269230769230769,52,17
524,SMC1A_HUMAN,0.042222222222222223,450,19
525,SMC3_HUMAN,0.06134453781512605,1190,73
526,SMCA4_HUMAN,0.04941860465116279,3440,170
527,SMCA5_HUMAN,0.05422993492407809,461,25
528,SMCE1_HUMAN,0.1130952380952381,168,19
529,SMHD1_HUMAN,0.1,10,1
530,SMRC1_HUMAN,0.10158730158730159,945,96
531,SMRC2_HUMAN,0.3333333333333333,6,2
532,SNAI1_HUMAN,0.2,5,1
533,SNAI2_HUMAN,0.07692307692307693,2717,209
534,SNF5_HUMAN,0.21153846153846154,52,11
535,SNIP1_HUMAN,0.4444444444444444,18,8
536,SOX13_HUMAN,0.3538011695906433,342,121
537,SOX17_HUMAN,0.0,17,0
538,SOX2_HUMAN,0.0136986301369863,73,1
539,SOX4_HUMAN,0.25,4,1
540,SOX5_HUMAN,0.36683417085427134,199,73
541,SOX6_HUMAN,0.08712121212121213,264,23
542,SOX8_HUMAN,0.0,1,0
543,SP130_HUMAN,0.3383458646616541,266,90
544,SP1_HUMAN,0.3134469696969697,1056,331
545,SP2_HUMAN,0.1375921375921376,407,56
546,SP3_HUMAN,0.1,90,9
547,SP4_HUMAN,0.0,4,0
548,SP5_HUMAN,0.34615384615384615,52,18
549,SP7_HUMAN,0.08895705521472393,326,29
550,SPI1_HUMAN,0.034805617748829634,14739,513
551,SPIB_HUMAN,0.0,5,0
552,SPT5H_HUMAN,0.10862186014935506,1473,160
553,SPT6H_HUMAN,0.0,17,0
554,SQSTM_HUMAN,0.0,11,0
555,SRBP1_HUMAN,0.0,9,0
556,SRBP2_HUMAN,0.11961392623233368,2901,347
557,SRC_HUMAN,0.0,5,0
558,SRF_HUMAN,0.0774365821094793,749,58
559,SRSF1_HUMAN,0.0,1,0
560,SSRP1_HUMAN,0.019757807520713832,1569,31
561,SSXT_HUMAN,0.07407407407407407,729,54
562,STA5A_HUMAN,0.75,4,3
563,STA5B_HUMAN,0.0,25,0
564,STAG1_HUMAN,0.04329618851586344,14089,610
565,STAG2_HUMAN,0.0625,240,15
566,STAT1_HUMAN,0.12412831241283125,7170,890
567,STAT3_HUMAN,0.07692307692307693,585,45
568,SUH_HUMAN,0.1353211009174312,872,118
569,SUMO1_HUMAN,1.0,1,1
570,SUMO2_HUMAN,0.08783783783783784,148,13
571,SUZ12_HUMAN,0.036734693877551024,245,9
572,T22D4_HUMAN,0.25,4,1
573,T2AG_HUMAN,0.2222222222222222,9,2
574,T2EB_HUMAN,0.5,6,3
575,T2FA_HUMAN,0.373134328358209,67,25
576,TADBP_HUMAN,0.13432835820895522,67,9
577,TAF1_HUMAN,0.16666666666666666,60,10
578,TAF7_HUMAN,0.3333333333333333,15,5
579,TAF9B_HUMAN,0.09595959595959595,198,19
580,TAL1_HUMAN,0.053934571175950484,1131,61
581,TASOR_HUMAN,0.0,3,0
582,TBG1_HUMAN,1.0,1,1
583,TBP_HUMAN,0.17822520507084266,1341,239
584,TBX21_HUMAN,0.06869300911854104,1645,113
585,TBX3_HUMAN,0.336322869955157,223,75
586,TBX5_HUMAN,0.0,66,0
587,TCF21_HUMAN,0.07626438319507627,3737,285
588,TCF7_HUMAN,0.4918032786885246,61,30
589,TEAD1_HUMAN,0.21428571428571427,182,39
590,TEAD2_HUMAN,0.5,2,1
591,TEAD3_HUMAN,0.3273542600896861,446,146
592,TEAD4_HUMAN,0.03430531732418525,1166,40
593,TERT_HUMAN,0.14285714285714285,7,1
594,TET1_HUMAN,1.0,1,1
595,TET2_HUMAN,1.0,1,1
596,TF3C2_HUMAN,0.16666666666666666,6,1
597,TF3C5_HUMAN,0.125,8,1
598,TF65_HUMAN,0.08249496981891348,7455,615
599,TF7L1_HUMAN,0.2,15,3
600,TF7L2_HUMAN,0.4,10,4
601,TFAP4_HUMAN,0.20270270270270271,74,15
602,TFCP2_HUMAN,0.0,1,0
603,TFDP1_HUMAN,0.0,1,0
604,TFE2_HUMAN,0.030716723549488054,293,9
605,TFE3_HUMAN,0.4423076923076923,52,23
606,TGIF2_HUMAN,0.5555555555555556,9,5
607,THA11_HUMAN,0.38461538461538464,117,45
608,THAP1_HUMAN,0.6666666666666666,3,2
609,THA_HUMAN,0.25,4,1
610,THB_HUMAN,0.34285714285714286,35,12
611,THOC4_HUMAN,1.0,1,1
612,TIF1A_HUMAN,0.08571428571428572,385,33
613,TIF1B_HUMAN,0.03871268656716418,2144,83
614,TLE3_HUMAN,0.06751824817518248,548,37
615,TLX1_HUMAN,0.09401709401709402,117,11
616,TP53B_HUMAN,0.17196531791907516,692,119
617,TR150_HUMAN,0.06382978723404255,47,3
618,TRI22_HUMAN,0.0673076923076923,208,14
619,TRI25_HUMAN,0.0,10,0
620,TRPS1_HUMAN,0.3684210526315789,19,7
621,TSH1_HUMAN,0.2,10,2
622,TTP_HUMAN,0.14814814814814814,27,4
623,TWST1_HUMAN,0.09090909090909091,22,2
624,TYY1_HUMAN,0.19080659150043366,2306,440
625,TYY2_HUMAN,0.25,20,5
626,TZAP_HUMAN,0.05714285714285714,70,4
627,UBF1_HUMAN,0.0,9,0
628,UBP22_HUMAN,0.5,2,1
629,UBP7_HUMAN,0.1875,48,9
630,USF1_HUMAN,0.1326530612244898,294,39
631,USF2_HUMAN,0.11979166666666667,192,23
632,VDR_HUMAN,0.2564102564102564,39,10
633,VEZF1_HUMAN,0.14416058394160583,548,79
634,WAPL_HUMAN,0.0,1,0
635,WDHD1_HUMAN,1.0,1,1
636,WT1_HUMAN,0.12048192771084337,83,10
637,XBP1_HUMAN,0.12903225806451613,31,4
638,XRCC3_HUMAN,0.0,3,0
639,XRCC5_HUMAN,0.5714285714285714,14,8
640,YAP1_HUMAN,0.07547169811320754,53,4
641,YBOX1_HUMAN,0.045454545454545456,44,2
642,YBOX3_HUMAN,0.5,6,3
643,Z280A_HUMAN,0.3333333333333333,3,1
644,Z280D_HUMAN,0.25,4,1
645,Z324A_HUMAN,0.2,5,1
646,Z354B_HUMAN,0.12,25,3
647,Z354C_HUMAN,0.0,1,0
648,Z512B_HUMAN,0.14893617021276595,47,7
649,Z518A_HUMAN,0.11827956989247312,93,11
650,Z585B_HUMAN,0.06451612903225806,31,2
651,Z705G_HUMAN,1.0,1,1
652,ZBED1_HUMAN,0.32142857142857145,28,9
653,ZBED5_HUMAN,0.0,1,0
654,ZBT10_HUMAN,0.32,25,8
655,ZBT11_HUMAN,0.21568627450980393,204,44
656,ZBT12_HUMAN,0.045454545454545456,22,1
657,ZBT16_HUMAN,0.0,1,0
658,ZBT17_HUMAN,0.08651399491094147,393,34
659,ZBT20_HUMAN,0.09248554913294797,173,16
660,ZBT21_HUMAN,0.13432835820895522,67,9
661,ZBT24_HUMAN,0.1111111111111111,18,2
662,ZBT25_HUMAN,0.25,8,2
663,ZBT26_HUMAN,0.10714285714285714,476,51
664,ZBT40_HUMAN,0.10309278350515463,679,70
665,ZBT44_HUMAN,0.10126582278481013,79,8
666,ZBT49_HUMAN,1.0,1,1
667,ZBT7A_HUMAN,0.13846153846153847,65,9
668,ZBT7B_HUMAN,0.15384615384615385,13,2
669,ZBT8A_HUMAN,0.10614525139664804,179,19
670,ZBTB1_HUMAN,0.3333333333333333,3,1
671,ZBTB2_HUMAN,0.06837606837606838,117,8
672,ZBTB5_HUMAN,0.13333333333333333,30,4
673,ZBTB6_HUMAN,0.23214285714285715,56,13
674,ZC11A_HUMAN,0.0,50,0
675,ZEB1_HUMAN,0.3333333333333333,18,6
676,ZEB2_HUMAN,0.09401709401709402,234,22
677,ZF64B_HUMAN,0.0684931506849315,146,10
678,ZF69B_HUMAN,0.041666666666666664,24,1
679,ZFHX2_HUMAN,0.05696969696969697,825,47
680,ZFP1_HUMAN,0.5,2,1
681,ZFP28_HUMAN,0.0,4,0
682,ZFP37_HUMAN,0.2,5,1
683,ZFP41_HUMAN,0.5,2,1
684,ZFP42_HUMAN,0.0,1,0
685,ZFP57_HUMAN,0.0,4,0
686,ZFP91_HUMAN,0.19444444444444445,36,7
687,ZFX_HUMAN,0.09619565217391304,1840,177
688,ZGPAT_HUMAN,0.6666666666666666,21,14
689,ZHX2_HUMAN,0.1111111111111111,18,2
690,ZIC2_HUMAN,0.052132701421800945,633,33
691,ZIC5_HUMAN,0.0,3,0
692,ZIK1_HUMAN,0.5,2,1
693,ZIM3_HUMAN,0.0,2,0
694,ZKSC1_HUMAN,0.3333333333333333,12,4
695,ZKSC2_HUMAN,0.0,1,0
696,ZKSC5_HUMAN,0.0,4,0
697,ZKSC8_HUMAN,1.0,1,1
698,ZMIZ1_HUMAN,1.0,5,5
699,ZMYM3_HUMAN,0.2,5,1
700,ZN101_HUMAN,0.125,8,1
701,ZN112_HUMAN,0.2,5,1
702,ZN114_HUMAN,0.25,4,1
703,ZN121_HUMAN,0.12962962962962962,54,7
704,ZN132_HUMAN,0.5,2,1
705,ZN133_HUMAN,0.25,4,1
706,ZN135_HUMAN,0.0,1,0
707,ZN136_HUMAN,0.0,1,0
708,ZN138_HUMAN,1.0,1,1
709,ZN140_HUMAN,0.2,5,1
710,ZN141_HUMAN,0.0,13,0
711,ZN143_HUMAN,0.1868583162217659,487,91
712,ZN148_HUMAN,0.28125,32,9
713,ZN155_HUMAN,0.25,4,1
714,ZN157_HUMAN,0.1111111111111111,18,2
715,ZN160_HUMAN,0.0,2,0
716,ZN169_HUMAN,0.6,5,3
717,ZN174_HUMAN,0.2,5,1
718,ZN175_HUMAN,0.5,2,1
719,ZN180_HUMAN,0.0,2,0
720,ZN184_HUMAN,0.046875,64,3
721,ZN189_HUMAN,0.11790393013100436,229,27
722,ZN195_HUMAN,0.0,2,0
723,ZN202_HUMAN,1.0,2,2
724,ZN205_HUMAN,0.3125,16,5
725,ZN207_HUMAN,0.0,14,0
726,ZN211_HUMAN,0.2,5,1
727,ZN212_HUMAN,1.0,1,1
728,ZN213_HUMAN,0.4,5,2
729,ZN214_HUMAN,0.0,3,0
730,ZN217_HUMAN,0.10784313725490197,204,22
731,ZN221_HUMAN,0.3333333333333333,3,1
732,ZN223_HUMAN,0.0,2,0
733,ZN224_HUMAN,0.0,1,0
734,ZN239_HUMAN,0.2857142857142857,7,2
735,ZN248_HUMAN,0.25,4,1
736,ZN254_HUMAN,0.5,2,1
737,ZN257_HUMAN,0.0,1,0
738,ZN260_HUMAN,0.0,1,0
739,ZN263_HUMAN,0.0,3,0
740,ZN266_HUMAN,0.3333333333333333,3,1
741,ZN274_HUMAN,0.25,4,1
742,ZN282_HUMAN,0.17391304347826086,23,4
743,ZN284_HUMAN,0.0,1,0
744,ZN300_HUMAN,1.0,2,2
745,ZN302_HUMAN,0.5,2,1
746,ZN304_HUMAN,0.0,1,0
747,ZN311_HUMAN,0.5,4,2
748,ZN316_HUMAN,0.04285714285714286,910,39
749,ZN317_HUMAN,0.0,4,0
750,ZN318_HUMAN,0.125,8,1
751,ZN320_HUMAN,0.0,1,0
752,ZN331_HUMAN,0.3333333333333333,3,1
753,ZN335_HUMAN,0.05785123966942149,484,28
754,ZN341_HUMAN,0.09130434782608696,230,21
755,ZN343_HUMAN,0.0,1,0
756,ZN350_HUMAN,0.0625,16,1
757,ZN362_HUMAN,0.02857142857142857,35,1
758,ZN366_HUMAN,0.0958904109589041,365,35
759,ZN382_HUMAN,0.0,51,0
760,ZN384_HUMAN,0.04477611940298507,67,3
761,ZN391_HUMAN,0.0,1,0
762,ZN394_HUMAN,0.052980132450331126,302,16
763,ZN395_HUMAN,0.28169014084507044,71,20
764,ZN398_HUMAN,0.09655172413793103,290,28
765,ZN404_HUMAN,0.5,2,1
766,ZN407_HUMAN,0.19444444444444445,36,7
767,ZN410_HUMAN,0.0,1,0
768,ZN416_HUMAN,1.0,2,2
769,ZN417_HUMAN,0.0,1,0
770,ZN419_HUMAN,1.0,1,1
771,ZN423_HUMAN,0.07142857142857142,14,1
772,ZN426_HUMAN,0.008771929824561403,342,3
773,ZN429_HUMAN,0.0,3,0
774,ZN432_HUMAN,1.0,1,1
775,ZN433_HUMAN,0.5,2,1
776,ZN436_HUMAN,0.0,1,0
777,ZN440_HUMAN,1.0,1,1
778,ZN441_HUMAN,0.0,2,0
779,ZN442_HUMAN,1.0,1,1
780,ZN444_HUMAN,0.13580246913580246,81,11
781,ZN449_HUMAN,0.10294117647058823,68,7
782,ZN467_HUMAN,0.0,1,0
783,ZN473_HUMAN,0.0,3,0
784,ZN479_HUMAN,0.06666666666666667,15,1
785,ZN480_HUMAN,0.0,3,0
786,ZN486_HUMAN,0.014285714285714285,70,1
787,ZN488_HUMAN,0.3333333333333333,6,2
788,ZN490_HUMAN,0.0,13,0
789,ZN493_HUMAN,1.0,1,1
790,ZN501_HUMAN,0.07142857142857142,14,1
791,ZN506_HUMAN,0.0,2,0
792,ZN507_HUMAN,0.033707865168539325,89,3
793,ZN510_HUMAN,0.14285714285714285,7,1
794,ZN511_HUMAN,1.0,1,1
795,ZN512_HUMAN,0.03896103896103896,77,3
796,ZN513_HUMAN,0.0,53,0
797,ZN514_HUMAN,0.5,2,1
798,ZN519_HUMAN,0.16666666666666666,6,1
799,ZN521_HUMAN,0.5,2,1
800,ZN524_HUMAN,0.4,5,2
801,ZN527_HUMAN,1.0,1,1
802,ZN528_HUMAN,0.0,6,0
803,ZN529_HUMAN,0.5,2,1
804,ZN530_HUMAN,0.0,3,0
805,ZN532_HUMAN,0.022222222222222223,45,1
806,ZN534_HUMAN,0.07407407407407407,27,2
807,ZN544_HUMAN,0.3333333333333333,3,1
808,ZN547_HUMAN,0.3333333333333333,3,1
809,ZN549_HUMAN,0.2,10,2
810,ZN550_HUMAN,1.0,1,1
811,ZN552_HUMAN,1.0,1,1
812,ZN554_HUMAN,0.5,4,2
813,ZN555_HUMAN,0.018867924528301886,106,2
814,ZN558_HUMAN,0.17391304347826086,23,4
815,ZN560_HUMAN,1.0,1,1
816,ZN561_HUMAN,0.36363636363636365,11,4
817,ZN567_HUMAN,0.0,1,0
818,ZN570_HUMAN,1.0,1,1
819,ZN571_HUMAN,0.5,2,1
820,ZN573_HUMAN,0.0,1,0
821,ZN574_HUMAN,0.13559322033898305,59,8
822,ZN577_HUMAN,0.08163265306122448,49,4
823,ZN579_HUMAN,0.09615384615384616,52,5
824,ZN580_HUMAN,0.15384615384615385,13,2
825,ZN587_HUMAN,0.0,1,0
826,ZN592_HUMAN,0.08421052631578947,285,24
827,ZN596_HUMAN,0.10714285714285714,56,6
828,ZN597_HUMAN,0.0,1,0
829,ZN600_HUMAN,0.06772908366533864,251,17
830,ZN605_HUMAN,0.0,3,0
831,ZN610_HUMAN,0.058823529411764705,17,1
832,ZN611_HUMAN,0.0,10,0
833,ZN614_HUMAN,0.6666666666666666,3,2
834,ZN616_HUMAN,0.0,1,0
835,ZN621_HUMAN,0.2,5,1
836,ZN622_HUMAN,0.8333333333333334,6,5
837,ZN623_HUMAN,0.05714285714285714,35,2
838,ZN624_HUMAN,0.3333333333333333,3,1
839,ZN626_HUMAN,0.06666666666666667,15,1
840,ZN629_HUMAN,0.07222222222222222,180,13
841,ZN639_HUMAN,0.2125,80,17
842,ZN644_HUMAN,0.6,25,15
843,ZN652_HUMAN,0.23809523809523808,21,5
844,ZN654_HUMAN,0.037383177570093455,107,4
845,ZN658_HUMAN,0.0,1,0
846,ZN660_HUMAN,0.1780821917808219,73,13
847,ZN662_HUMAN,0.0,1,0
848,ZN664_HUMAN,0.037037037037037035,27,1
849,ZN670_HUMAN,0.0,1,0
850,ZN671_HUMAN,0.0,5,0
851,ZN677_HUMAN,0.0,7,0
852,ZN680_HUMAN,0.0,12,0
853,ZN682_HUMAN,0.0,2,0
854,ZN687_HUMAN,0.09090909090909091,1001,91
855,ZN692_HUMAN,0.08571428571428572,105,9
856,ZN697_HUMAN,0.0,39,0
857,ZN701_HUMAN,0.0,3,0
858,ZN707_HUMAN,0.3333333333333333,3,1
859,ZN730_HUMAN,0.0,1,0
860,ZN736_HUMAN,0.0,17,0
861,ZN740_HUMAN,0.09090909090909091,11,1
862,ZN747_HUMAN,1.0,1,1
863,ZN75A_HUMAN,0.14285714285714285,7,1
864,ZN75D_HUMAN,0.0,12,0
865,ZN765_HUMAN,0.0,3,0
866,ZN766_HUMAN,0.18181818181818182,11,2
867,ZN768_HUMAN,0.07954545454545454,88,7
868,ZN770_HUMAN,0.07142857142857142,126,9
869,ZN776_HUMAN,0.1111111111111111,9,1
870,ZN777_HUMAN,0.42857142857142855,7,3
871,ZN778_HUMAN,0.0,2,0
872,ZN781_HUMAN,0.034482758620689655,58,2
873,ZN785_HUMAN,0.09090909090909091,11,1
874,ZN786_HUMAN,1.0,1,1
875,ZN791_HUMAN,0.25,4,1
876,ZN792_HUMAN,0.2,10,2
877,ZN793_HUMAN,0.0,3,0
878,ZN808_HUMAN,0.0,5,0
879,ZN816_HUMAN,0.0,5,0
880,ZN830_HUMAN,0.5,2,1
881,ZN837_HUMAN,0.25,16,4
882,ZN843_HUMAN,0.08108108108108109,74,6
883,ZN875_HUMAN,0.0,2,0
884,ZNF10_HUMAN,0.08695652173913043,23,2
885,ZNF12_HUMAN,0.0,1,0
886,ZNF16_HUMAN,0.0,2,0
887,ZNF17_HUMAN,1.0,1,1
888,ZNF18_HUMAN,0.10869565217391304,46,5
889,ZNF19_HUMAN,1.0,1,1
890,ZNF23_HUMAN,0.3333333333333333,3,1
891,ZNF24_HUMAN,0.10482758620689656,725,76
892,ZNF26_HUMAN,0.0,2,0
893,ZNF28_HUMAN,0.0,5,0
894,ZNF2_HUMAN,0.15217391304347827,46,7
895,ZNF30_HUMAN,0.0,1,0
896,ZNF34_HUMAN,0.024752475247524754,202,5
897,ZNF41_HUMAN,0.0,2,0
898,ZNF48_HUMAN,0.25,20,5
899,ZNF76_HUMAN,0.20689655172413793,58,12
900,ZNF77_HUMAN,0.0,1,0
901,ZNF79_HUMAN,0.0,1,0
902,ZNF7_HUMAN,0.13636363636363635,22,3
903,ZNF85_HUMAN,0.0,7,0
904,ZNF8_HUMAN,0.0,9,0
905,ZNF92_HUMAN,0.0,1,0
906,ZNF93_HUMAN,0.0,4,0
907,ZNT9_HUMAN,1.0,1,1
908,ZSA5A_HUMAN,0.16666666666666666,6,1
909,ZSA5B_HUMAN,0.6,5,3
910,ZSA5C_HUMAN,0.06451612903225806,31,2
911,ZSA5D_HUMAN,1.0,1,1
912,ZSC16_HUMAN,0.14285714285714285,7,1
913,ZSC18_HUMAN,0.2,5,1
914,ZSC21_HUMAN,0.24242424242424243,33,8
915,ZSC22_HUMAN,0.125,8,1
916,ZSC23_HUMAN,0.3333333333333333,3,1
917,ZSC26_HUMAN,0.4,5,2
918,ZSC29_HUMAN,0.2,80,16
919,ZSC30_HUMAN,0.09090909090909091,44,4
920,ZSC9_HUMAN,0.2857142857142857,7,2
921,ZSCA2_HUMAN,1.0,1,1
922,ZSCA4_HUMAN,0.04,200,8
923,ZXDB_HUMAN,0.19753086419753085,81,16
924,ZXDC_HUMAN,0.0,6,0
925,ZZZ3_HUMAN,0.0,2,0
